<application>
  <component name="UpdatesConfigurable">
    <option name="LAST_BUILD_CHECKED" value="IC-223.8836.41" />
    <option name="LAST_TIME_CHECKED" value="1687408937545" />
    <pluginHosts>
      <item value="https://plugins.jetbrains.com/plugins/eap/ideavim" />
      <item value="https://plugins.jetbrains.com/plugins/eap/ideavim " />
    </pluginHosts>
    <option name="THIRD_PARTY_PLUGINS_ALLOWED" value="true" />
    <option name="WHATS_NEW_SHOWN_FOR" value="223" />
  </component>
</application>