<keymap version="1" name="hanjaelee" parent="Mac OS X 10.5+">
  <action id="Android.Designer.AutoArrange" />
  <action id="CloseAllEditorsButActive">
    <keyboard-shortcut first-keystroke="meta alt t" />
  </action>
  <action id="CloseAllToTheRight">
    <keyboard-shortcut first-keystroke="meta alt period" />
  </action>
  <action id="ConsoleView.ClearAll">
    <keyboard-shortcut first-keystroke="ctrl l" />
  </action>
  <action id="EditorScrollToCenter" />
  <action id="Github.PullRequest.Comments.Reload" />
  <action id="Github.PullRequest.Details.Reload" />
  <action id="GotoCustomRegion" />
  <action id="Gradle.RefreshDependencies">
    <keyboard-shortcut first-keystroke="shift ctrl meta r" />
  </action>
  <action id="Refactorings.QuickListPopupAction">
    <keyboard-shortcut first-keystroke="ctrl t" />
    <keyboard-shortcut first-keystroke="meta t" />
  </action>
  <action id="Refresh" />
  <action id="Replace" />
  <action id="Rerun" />
  <action id="Run">
    <keyboard-shortcut first-keystroke="meta r" />
  </action>
  <action id="SurroundWith" />
  <action id="Svn.RefreshWorkingCopies" />
  <action id="Terminal.ClearBuffer">
    <keyboard-shortcut first-keystroke="meta k" />
  </action>
  <action id="TypeHierarchy">
    <keyboard-shortcut first-keystroke="meta f4" />
  </action>
  <action id="UsageFiltering.ReadAccess" />
  <action id="Vcs.Log.FocusTextFilter" />
  <action id="Vcs.Log.Refresh" />
  <action id="Vcs.UpdateProject" />
</keymap>